<?xml version="1.0" encoding="UTF-8"?>
<project-private xmlns="http://www.netbeans.org/ns/project-private/1">
    <editor-bookmarks xmlns="http://www.netbeans.org/ns/editor-bookmarks/2" lastBookmarkId="0"/>
    <open-files xmlns="http://www.netbeans.org/ns/projectui-open-files/2">
        <group>
            <file>file:/C:/Users/DANISH%20LAPYTOP/OneDrive/Documents/NetBeansProjects/BankAccount/src/bankaccount/SaveAcc.java</file>
            <file>file:/C:/Users/DANISH%20LAPYTOP/OneDrive/Documents/NetBeansProjects/BankAccount/src/bankaccount/BankAccount.java</file>
            <file>file:/C:/Users/DANISH%20LAPYTOP/OneDrive/Documents/NetBeansProjects/BankAccount/src/bankaccount/FixedAcc.java</file>
            <file>file:/C:/Users/DANISH%20LAPYTOP/OneDrive/Documents/NetBeansProjects/BankAccount/src/bankaccount/CurrentAcc.java</file>
            <file>file:/C:/Users/DANISH%20LAPYTOP/OneDrive/Documents/NetBeansProjects/BankAccount/src/bankaccount/Account.java</file>
            <file>file:/C:/Users/DANISH%20LAPYTOP/OneDrive/Documents/NetBeansProjects/BankAccount/src/bankaccount/Loan.java</file>
        </group>
    </open-files>
</project-private>
